mean,std,count
2.041571428571429,0.09908039334548373,100
