mean,std,count
0.4942857142857142,0.20041186205069986,100
