mean,std,count
2.9000245447388755,0.15263360836910625,100
