mean,std,count
2.077857142857143,0.09101853852816434,100
