mean,std,count
2.843928567729991,0.12564562215296113,100
