mean,std,count
1.642216657092456,0.12681486067494424,100
