ECs,SES,Delta
0,0,0.0
0,1,0.0
0,2,-0.08856409355262596
1,0,0.0
1,1,0.0
1,2,0.08856409355262584
