Exercise,SES,Delta
0,0,0.0
0,1,0.0
0,2,-0.18868463770629795
1,0,0.0
1,1,0.0
1,2,0.18868463770629795
