Sleep,Time studying,Delta
0,0,0.0
0,1,-0.04912411780893258
0,2,0.2245753586229282
1,0,0.0
1,1,-0.012078943757472538
1,2,-0.13618415523118382
2,0,0.0
2,1,0.06120306156640504
2,2,-0.08839120339174435
