ECs,SES,Delta
0,0,0.0
0,1,0.0
0,2,-0.0006667829427172561
1,0,0.0
1,1,0.0
1,2,0.000666782942717159
