Exercise,SES,Delta
0,0,0.0
0,1,0.0
0,2,-0.008227922585430675
1,0,0.0
1,1,0.0
1,2,0.008227922585430592
