ECs,SES,Delta
0,0,0.0
0,1,0.0
0,2,-0.09727910088104376
1,0,0.0
1,1,0.0
1,2,0.09727910088104375
