Exercise,SES,Delta
0,0,-0.1746701253308155
0,1,0.0
0,2,0.0
1,0,0.1746701253308156
1,1,0.0
1,2,0.0
