ECs,SES,Delta
0,0,0.24066861218490887
0,1,0.0
0,2,0.0
1,0,-0.24066861218490881
1,1,0.0
1,2,0.0
