Exercise,SES,Delta
0,0,0.6
0,1,0.4
0,2,0.026931387952841675
1,0,0.4
1,1,0.6
1,2,0.9730686120471584
