ECs,SES,Delta
0,0,0.9406686121849088
0,1,0.5
0,2,0.1
1,0,0.059331387815091174
1,1,0.5
1,2,0.9
