ECs,SES,Delta
0,0,0.06274858044184753
0,1,0.5
0,2,0.1
1,0,0.9372514195581525
1,1,0.5
1,2,0.9
