Exercise,SES,Delta
0,0,0.1919081375305676
0,1,0.4
0,2,0.2
1,0,0.8080918624694324
1,1,0.6
1,2,0.8
