ECs,SES,Delta
0,0,0.7
0,1,0.5
0,2,0.011435906447374048
1,0,0.3
1,1,0.5
1,2,0.9885640935526259
