Exercise,SES,Delta
0,0,0.4253298746691845
0,1,0.4
0,2,0.2
1,0,0.5746701253308156
1,1,0.6
1,2,0.8
