mean,std,count
2.048742857142857,0.06978078582604903,100
