mean,std,count
2.1760714285714284,0.10027983419078268,100
