mean,std,count
2.829642853678637,0.12010944210438752,100
