mean,std,count
0.7685714285714286,0.15699192541804385,100
