mean,std,count
0.9928571407878295,0.0312918445600728,100
