mean,std,count
2.035685714285715,0.06933704975530265,100
