mean,std,count
1.4771428571428573,0.17726942366721252,100
