mean,std,count
2.671648346967317,0.052376463062474135,100
