mean,std,count
1.6477857142857144,0.07034308683877193,100
