Exercise,SES,Delta
0,0,0.0
0,1,0.0
0,2,-0.009289667491839015
1,0,0.0
1,1,0.0
1,2,0.009289667491838904
