ECs,SES,Delta
0,0,0.6307283374891893
0,1,0.5
0,2,0.1
1,0,0.36927166251081067
1,1,0.5
1,2,0.9
