refl_1,chance_1,Delta
0,0,-0.44044777354196485
0,1,-0.49651468404359783
1,0,0.44044777354196485
1,1,0.4965146840435979
