refl_2,Delta
0,-0.4997417326662492
1,0.4997417326662493
