refl_2,Delta
0,-0.22112538561559641
1,0.22112538561559647
