refl_1,Delta
0,-0.27079540040520006
1,0.2707954004052
