refl_2,chance_1,Delta
0,0,-0.47013267281393756
0,1,-0.17954123798279642
1,0,0.47013267281393756
1,1,0.17954123798279642
