refl_1,Delta
0,-0.033992358520232246
1,0.03399235852023219
