ECs,SES,Delta
0,0,-0.044992609765688085
0,1,0.04857927731697287
0,2,0.0
1,0,0.044992609765688196
1,1,-0.04857927731697281
1,2,0.0
