refl_1,Delta
0,-0.49999717730505655
1,0.49999717730505655
