refl_1,Delta
0,-0.49998650879859197
1,0.49998650879859197
