refl_2,Delta
0,-0.4999954335548044
1,0.4999954335548046
