refl_1,chance_1,Delta
0,0,0.20405311466541798
0,1,-0.03239951004335967
1,0,-0.20405311466541787
1,1,0.032399510043359614
