refl_1,refl_2,Delta
0,0,0.0
0,1,-0.4999276842812964
1,0,0.0
1,1,0.4999276842812964
