Exercise,SES,Delta
0,0,0.020383257124210186
0,1,-0.003917544923522032
0,2,0.0
1,0,-0.02038325712421024
1,1,0.003917544923522143
1,2,0.0
