refl_1,chance_1,Delta
0,0,-0.4999115706836059
0,1,-0.49992673808462096
1,0,0.4999115706836059
1,1,0.49992673808462096
