refl_2,Delta
0,0.0002582673337507614
1,0.9997417326662493
