refl_2,Delta
0,0.2788746143844036
1,0.7211253856155965
