refl_2,chance_1,Delta
0,0,0.029867327186062456
0,1,0.3204587620172036
1,0,0.9701326728139376
1,1,0.6795412379827964
