refl_2,Delta
0,4.566445195559123e-06
1,0.9999954335548046
