refl_1,Delta
0,0.46600764147976775
1,0.5339923585202322
