refl_1,refl_2,Delta
0,0,0.5
0,1,7.231571870359607e-05
1,0,0.5
1,1,0.9999276842812964
