refl_1,Delta
0,0.22920459959479994
1,0.7707954004052
