refl_1,chance_1,Delta
0,0,0.704053114665418
0,1,0.46760048995664033
1,0,0.29594688533458213
1,1,0.5323995100433596
