refl_1,Delta
0,2.822694943452383e-06
1,0.9999971773050566
