refl_1,chance_1,Delta
0,0,0.05955222645803518
0,1,0.003485315956402162
1,0,0.9404477735419648
1,1,0.9965146840435979
