refl_1,Delta
0,1.3491201408052466e-05
1,0.999986508798592
