refl_1,Delta
0,0.7917752790905699
1,0.20822472090943012
