refl_1,chance_1,Delta
0,0,8.842931639406496e-05
0,1,7.326191537903683e-05
1,0,0.9999115706836059
1,1,0.999926738084621
