Exercise,SES,Delta
0,0,0.6203832571242102
0,1,0.396082455076478
0,2,0.2
1,0,0.3796167428757898
1,1,0.6039175449235221
1,2,0.8
