ECs,SES,Delta
0,0,0.6550073902343119
0,1,0.5485792773169729
0,2,0.1
1,0,0.3449926097656882
1,1,0.4514207226830272
1,2,0.9
