ECs,SES,Delta
0,0,0.6802899718605411
0,1,0.5
0,2,0.1
1,0,0.3197100281394589
1,1,0.5
1,2,0.9
