ECs,SES,Delta
0,0,0.7
0,1,0.5
0,2,0.09800827732785708
1,0,0.3
1,1,0.5
1,2,0.9019917226721429
