ECs,SES,Delta
0,0,0.681647260822911
0,1,0.5
0,2,0.1
1,0,0.31835273917708884
1,1,0.5
1,2,0.9
