ECs,SES,Delta
0,0,0.6305144361117203
0,1,0.5
0,2,0.1
1,0,0.3694855638882797
1,1,0.5
1,2,0.9
