Exercise,SES,Delta
0,0,0.0
0,1,0.0
0,2,-0.02172443020589604
1,0,0.0
1,1,0.0
1,2,0.021724430205896095
