Sleep,Time studying,Delta
0,0,0.0
0,1,0.0
0,2,0.024389343027578114
1,0,0.0
1,1,0.0
1,2,-0.01354963501532122
2,0,0.0
2,1,0.0
2,2,-0.010839708012256977
