Exercise,SES,Delta
0,0,0.5921733543342217
0,1,0.4
0,2,0.2
1,0,0.40782664566577825
1,1,0.6
1,2,0.8
