Sleep,Time studying,Delta
0,0,0.1
0,1,0.2443451067541149
0,2,0.55
1,0,0.3
1,1,0.3909521708065838
1,2,0.25
2,0,0.6
2,1,0.3647027224393014
2,2,0.2
