Sleep,Time studying,Delta
0,0,0.1
0,1,0.24320326611794668
0,2,0.55
1,0,0.3
1,1,0.3891252257887147
1,2,0.25
2,0,0.6
2,1,0.36767150809333865
2,2,0.2
