ECs,SES,Delta
0,0,0.6506769588271059
0,1,0.5
0,2,0.1
1,0,0.3493230411728943
1,1,0.5
1,2,0.9
