mean,std,count
2.8858256097862305,0.028775306476664896,100
