mean,std,count
1.5157142857142858,0.18598049518362014,100
