Sleep,Time studying,Delta
0,0,0.0
0,1,-0.0067967338820533185
0,2,0.0
1,0,0.0
1,1,-0.010874774211285299
1,2,0.0
2,0,0.0
2,1,0.017671508093338673
2,2,0.0
