Exercise,SES,Delta
0,0,0.0
0,1,0.0
0,2,-0.011134423235480417
1,0,0.0
1,1,0.0
1,2,0.011134423235480306
