ECs,SES,Delta
0,0,0.0
0,1,0.0
0,2,-0.006548954535583282
1,0,0.0
1,1,0.0
1,2,0.00654895453558324
