Exercise,SES,Delta
0,0,-0.007826645665778287
0,1,0.0
0,2,0.0
1,0,0.007826645665778231
1,1,0.0
1,2,0.0
