ECs,SES,Delta
0,0,0.6726382825415471
0,1,0.5
0,2,0.1
1,0,0.3273617174584529
1,1,0.5
1,2,0.9
