ECs,SES,Delta
0,0,0.6869923099699886
0,1,0.5
0,2,0.1
1,0,0.3130076900300114
1,1,0.5
1,2,0.9
