Sleep,Time studying,Delta
0,0,0.1
0,1,0.25
0,2,0.5743893430275782
1,0,0.3
1,1,0.4
1,2,0.23645036498467878
2,0,0.6
2,1,0.35
2,2,0.18916029198774303
