Sleep,Time studying,Delta
0,0,0.1
0,1,0.24726055857142434
0,2,0.55
1,0,0.3
1,1,0.39561689371427894
1,2,0.25
2,0,0.6
2,1,0.3571225477142968
2,2,0.2
