Exercise,SES,Delta
0,0,0.6
0,1,0.4
0,2,0.1888655767645196
1,0,0.4
1,1,0.6
1,2,0.8111344232354804
