ECs,SES,Delta
0,0,0.7
0,1,0.5
0,2,0.09345104546441672
1,0,0.3
1,1,0.5
1,2,0.9065489545355833
