mean,std,count
2.1750000000000007,0.10678149740475866,100
